detectedActivity,longitude,latitude,geoHash,locationAccuracy,time,minuteOfDay,weekday,monthday,detectedActivityConfidence,journey
2,12.700491889291198,56.04701341026071,1242672347,-1,1545028619027,456,2,-1,100,8324181216
0,12.691881548843059,56.05143479034742,1242669619,-1,1544427299030,514,2,-1,100,8324181216
3,12.69066439404494,56.036515434404855,1242669123,-1,1548658859031,480,2,-1,100,8324181216
3,12.699025436165014,56.04136657384594,1242669495,-1,1548657299034,454,2,-1,100,8324181216
3,12.69417177760688,56.04954703592979,1242669619,-1,1545028619037,456,2,-1,100,8324181216
2,12.690580404131087,56.044180976004235,1242669495,-1,1549869779039,502,2,-1,100,8324181216
0,12.693678267302356,56.04638984662862,1242669495,-1,1545028739040,458,2,-1,100,8324181216
0,12.701618225302138,56.037516787156264,1242671851,-1,1546847339041,528,2,-1,100,8324181216
1,12.693315436174494,56.04168340627483,1242669495,-1,1548657299042,454,2,-1,100,8324181216
1,12.691003793407486,56.04363171450907,1242669495,-1,1548658739043,478,2,-1,100,8324181216
2,12.690190526909786,56.04289839655397,1242669495,-1,1544425019044,476,2,-1,100,8324181216
2,12.687250143787077,56.03917192544378,1242668875,-1,1545636419045,506,2,-1,100,8324181216
3,12.698476571019956,56.04312422121596,1242669495,-1,1548658619046,476,2,-1,100,8324181216
2,12.701055857386645,56.03731241513158,1242671851,-1,1548660539050,508,2,-1,100,8324181216
2,12.68714161643195,56.045593965904025,1242669247,-1,1548050699053,424,2,-1,100,8324181216
2,12.696764210241376,56.044169492424665,1242669495,-1,1549869779057,502,2,-1,100,8324181216
2,12.696382363204519,56.0465490598979,1242669495,-1,1546240619059,496,2,-1,100,8324181216
2,12.699330238282801,56.03500228983542,1242668999,-1,1547446379060,432,2,-1,100,8324181216
1,12.69405267193535,56.043075620078845,1242669495,-1,1548052019063,446,2,-1,100,8324181216
0,12.690274574833273,56.04606910105417,1242669495,-1,1548055739064,508,2,-1,100,8324181216
1,12.702005189062996,56.046112405264175,1242672223,-1,1545636059065,500,2,-1,100,8324181216
1,12.698934432709017,56.045344818882775,1242669495,-1,1548057299066,534,2,-1,100,8324181216
2,12.693934149404505,56.0436432860761,1242669495,-1,1549865579069,432,2,-1,100,8324181216
3,12.700330278997276,56.04866283553503,1242672347,-1,1545033179070,532,2,-1,100,8324181216
2,12.699065373724798,56.035801830475805,1242669123,-1,1548050579071,422,2,-1,100,8324181216
0,12.694005307383058,56.046192496630105,1242669495,-1,1548658859072,480,2,-1,100,8324181216
1,12.69519086034325,56.04461534540556,1242669495,-1,1545632939074,448,2,-1,100,8324181216
0,12.694696050867853,56.043863223559605,1242669495,-1,1549267019076,536,2,-1,100,8324181216
3,12.692842908564192,56.04853278288025,1242669619,-1,1547449379080,482,2,-1,100,8324181216
3,12.694516216517796,56.03648533704171,1242669123,-1,1548053459082,470,2,-1,100,8324181216
3,12.691455919593084,56.0410389642284,1242669123,-1,1545033419082,536,2,-1,100,8324181216
0,12.69208799769006,56.04516861328319,1242669495,-1,1546237739083,448,2,-1,100,8324181216
0,12.691462180538899,56.03740251603631,1242669123,-1,1546240499084,494,2,-1,100,8324181216
3,12.70188068662417,56.041969967025025,1242672223,-1,1549263059086,470,2,-1,100,8324181216
1,12.695234210135187,56.04247461087675,1242669495,-1,1549267019088,536,2,-1,100,8324181216
1,12.703762261583533,56.04441772956151,1242672223,-1,1548656579089,442,2,-1,100,8324181216
1,12.69379477701012,56.03472221717065,1242668999,-1,1544428139092,528,2,-1,100,8324181216
2,12.701218073954124,56.04720910561087,1242672347,-1,1549262939093,468,2,-1,100,8324181216
2,12.692726217901285,56.043236883073305,1242669495,-1,1546240979094,502,2,-1,100,8324181216
0,12.69105622534054,56.045716828677214,1242669495,-1,1545634979095,482,2,-1,100,8324181216
2,13.189246972898397,55.70654071478577,1242479403,-1,1544511386349,476,3,-1,100,8121680000
0,13.183804083805377,55.70638910502042,1242479403,-1,1545719666351,454,3,-1,100,8121680000
2,13.190772003323433,55.71396100624119,1242479775,-1,1548137186351,426,3,-1,100,8121680000
1,13.193992123251277,55.70161477903814,1242479279,-1,1547534546352,462,3,-1,100,8121680000
2,13.185725506119601,55.70671364983096,1242479403,-1,1549955426353,490,3,-1,100,8121680000
3,13.17958839153591,55.70876996358264,1242436995,-1,1547537186353,506,3,-1,100,8121680000
3,13.18358396516316,55.70510144280398,1242436871,-1,1544512226361,490,3,-1,100,8121680000
0,13.184513755646682,55.70507988315,1242479279,-1,1548746306362,498,3,-1,100,8121680000
3,13.178961727383172,55.71099571553427,1242436995,-1,1547537666362,514,3,-1,100,8121680000
3,13.186394398485145,55.707993906296345,1242479403,-1,1549954706363,478,3,-1,100,8121680000
0,13.193828680176866,55.707555028470516,1242479403,-1,1546327706364,508,3,-1,100,8121680000
1,13.187373590943526,55.70996620138368,1242479403,-1,1549956026364,500,3,-1,100,8121680000
1,13.189837875586326,55.704278954984375,1242479279,-1,1545723626365,520,3,-1,100,8121680000
2,13.185265368422277,55.70608837548895,1242479279,-1,1546327946365,512,3,-1,100,8121680000
3,13.186565211982863,55.7054751951712,1242479279,-1,1545113186366,426,3,-1,100,8121680000
1,13.187533932665286,55.70643918416116,1242479403,-1,1545722306367,498,3,-1,100,8121680000
3,13.18648859148485,55.705228020584464,1242479279,-1,1547536346367,492,3,-1,100,8121680000
1,13.192114465461344,55.7081940765296,1242479403,-1,1546323986368,446,3,-1,100,8121680000
1,13.184966609051465,55.70483980609463,1242479279,-1,1545117866368,504,3,-1,100,8121680000
3,13.190997392029827,55.707282852648206,1242479403,-1,1549956266369,504,3,-1,100,8121680000
0,13.18705210246317,55.70550212091146,1242479279,-1,1546930466370,474,3,-1,100,8121680000
1,13.186705600017762,55.70228216484758,1242479279,-1,1546934186370,536,3,-1,100,8121680000
1,13.185903997762214,55.710570871471866,1242479403,-1,1549952066374,434,3,-1,100,8121680000
0,13.185664540538125,55.6993955507658,1242477915,-1,1548746426376,500,3,-1,100,8121680000
3,13.18659575411139,55.706251926686406,1242479403,-1,1548742586379,436,3,-1,100,8121680000
0,13.186286736775639,55.706628106418805,1242479403,-1,1549954706381,478,3,-1,100,8121680000
0,13.191139384645872,55.70853687984034,1242479403,-1,1546324106382,448,3,-1,100,8121680000
2,13.191334826920524,55.70664654089212,1242479403,-1,1546325066383,464,3,-1,100,8121680000
2,13.186335226188309,55.70674023452902,1242479403,-1,1547532746384,432,3,-1,100,8121680000
3,13.181452825519044,55.69972411864136,1242435507,-1,1546324226385,450,3,-1,100,8121680000
0,13.192304457950474,55.702903016467985,1242479279,-1,1545117626386,500,3,-1,100,8121680000
0,13.18172522658652,55.7082561325217,1242436995,-1,1546932746386,512,3,-1,100,8121680000
2,13.185053069988836,55.71324335195947,1242479775,-1,1546325546387,472,3,-1,100,8121680000
2,13.189162718841548,55.70197093714517,1242479279,-1,1548744026388,460,3,-1,100,8121680000
2,13.19062628583581,55.70574688781751,1242479279,-1,1548742346390,432,3,-1,100,8121680000
3,13.185237952871383,55.706414436267885,1242479403,-1,1546324946390,462,3,-1,100,8121680000
2,13.185773142697336,55.701261798668746,1242479279,-1,1545720026392,460,3,-1,100,8121680000
2,13.189223399165733,55.70632823632416,1242479403,-1,1545718586393,436,3,-1,100,8121680000
1,13.185081438339381,55.707806394646695,1242479403,-1,1548142586395,516,3,-1,100,8121680000
3,13.185710842833684,55.704696504775,1242479279,-1,1544511026396,470,3,-1,100,8121680000
2,12.992054350406901,55.60712839841458,1242212927,-1,1545807407036,476,4,-1,100,8000086239
2,12.997801167389088,55.60696465884781,1242213175,-1,1544599007038,496,4,-1,100,8000086239
3,12.996621002163824,55.60240279017137,1242212927,-1,1548226007039,466,4,-1,100,8000086239
1,13.000776081799339,55.60849700177533,1242213299,-1,1549432847040,420,4,-1,100,8000086239
2,13.008255497534334,55.60888612162708,1242382683,-1,1549439567041,532,4,-1,100,8000086239
1,13.001930606702205,55.60677426300327,1242213175,-1,1550040887042,474,4,-1,100,8000086239
2,12.994119811162683,55.61124597185268,1242213051,-1,1549436087043,474,4,-1,100,8000086239
2,12.997620369461895,55.61120269332921,1242213299,-1,1547618807044,426,4,-1,100,8000086239
2,13.002173745738558,55.60886676537588,1242213299,-1,1544596487046,454,4,-1,100,8000086239
2,12.99832831146585,55.60932796597264,1242213299,-1,1550041847047,490,4,-1,100,8000086239
0,13.00022357222666,55.60327629546628,1242213175,-1,1550037647047,420,4,-1,100,8000086239
1,12.996307762081399,55.61287552126864,1242214415,-1,1546413887048,504,4,-1,100,8000086239
0,12.999881084389836,55.61281273447274,1242214663,-1,1550040167049,462,4,-1,100,8000086239
1,12.995502388946171,55.6129746007158,1242214415,-1,1547016887050,474,4,-1,100,8000086239
2,12.99879702955354,55.607952765368594,1242213299,-1,1548828167051,422,4,-1,100,8000086239
0,13.002943810788741,55.61199764401695,1242213299,-1,1546415927051,538,4,-1,100,8000086239
1,13.005389769341217,55.6086925706643,1242213299,-1,1545202727051,478,4,-1,100,8000086239
2,12.998310083209304,55.60690232288308,1242213175,-1,1549433687052,434,4,-1,100,8000086239
3,12.997914028069827,55.612054940203514,1242213299,-1,1547622647052,490,4,-1,100,8000086239
0,13.003169372278101,55.6033740057833,1242213175,-1,1547019887053,524,4,-1,100,8000086239
0,12.998506987897828,55.61407805176181,1242214663,-1,1546411487053,464,4,-1,100,8000086239
1,12.998885701785824,55.60884204118906,1242213299,-1,1548223247054,420,4,-1,100,8000086239
2,13.004819263511862,55.61161323713657,1242213299,-1,1545202727055,478,4,-1,100,8000086239
1,13.002465434510256,55.60919410237341,1242213299,-1,1548228407057,506,4,-1,100,8000086239
0,12.99952022869676,55.608964193261286,1242213299,-1,1547620247059,450,4,-1,100,8000086239
1,13.002219226360069,55.61773484319247,1242214663,-1,1547624687061,524,4,-1,100,8000086239
1,12.997447429667316,55.608707407600704,1242213299,-1,1549435007062,456,4,-1,100,8000086239
3,13.001387334068252,55.60174453481982,1242212803,-1,1550038007063,426,4,-1,100,8000086239
0,12.999044289858555,55.609539323597616,1242213299,-1,1547015927064,458,4,-1,100,8000086239
3,12.991878252682367,55.60737193433048,1242213051,-1,1548830447064,460,4,-1,100,8000086239
3,12.99957078143379,55.612070696133834,1242213299,-1,1544596967067,462,4,-1,100,8000086239
1,12.99699341590793,55.61103350240779,1242213299,-1,1547016647068,470,4,-1,100,8000086239
3,12.99961876649218,55.60884580133037,1242213299,-1,1545808727069,498,4,-1,100,8000086239
1,13.005115890533489,55.607754287196926,1242213299,-1,1547624687070,524,4,-1,100,8000086239
3,12.999617051605625,55.609270820636866,1242213299,-1,1547020727070,538,4,-1,100,8000086239
2,13.004206673095862,55.60611860514274,1242213175,-1,1547015687071,454,4,-1,100,8000086239
2,13.000054022203237,55.60820710899038,1242213299,-1,1546409087073,424,4,-1,100,8000086239
3,12.993310365404163,55.6046656205538,1242212927,-1,1544598647073,490,4,-1,100,8000086239
3,12.99896275165771,55.61088372522196,1242213299,-1,1544597087076,464,4,-1,100,8000086239
0,12.997479722640941,55.60698486912442,1242213175,-1,1546411727078,468,4,-1,100,8000086239
1,13.828468815251362,55.42375716544063,1242018123,-1,1550127852598,484,5,-1,100,8623991069
1,13.82571180445555,55.435676661048184,1242018619,-1,1547706732604,452,5,-1,100,8623991069
2,13.824372009613764,55.42588049274181,1242018123,-1,1550124372605,426,5,-1,100,8623991069
0,13.830655475499055,55.42979521035034,1242018495,-1,1548917052606,464,5,-1,100,8623991069
3,13.823393803093724,55.42672534223468,1242018495,-1,1544681532607,432,5,-1,100,8623991069
1,13.823256296000487,55.428089172567105,1242018495,-1,1545289212608,480,5,-1,100,8623991069
0,13.822763148899979,55.42605262755446,1242018495,-1,1550130612608,530,5,-1,100,8623991069
3,13.822103767430159,55.426117276182474,1242018495,-1,1548316572609,536,5,-1,100,8623991069
2,13.828763664759881,55.41964531049092,1242017999,-1,1547105652610,514,5,-1,100,8623991069
2,13.82445254351444,55.434277594442854,1242018619,-1,1545292692610,538,5,-1,100,8623991069
0,13.818697935170645,55.42777837496667,1242017751,-1,1547101572612,446,5,-1,100,8623991069
3,13.827612326498306,55.429240450288276,1242018495,-1,1548316452613,534,5,-1,100,8623991069
1,13.828670254310802,55.42230560012702,1242018123,-1,1547102652614,464,5,-1,100,8623991069
2,13.826506451595419,55.42814778040379,1242018495,-1,1545290412616,500,5,-1,100,8623991069
2,13.823996211724268,55.42814975167516,1242018495,-1,1548310092617,428,5,-1,100,8623991069
3,13.819788755070832,55.43271337981267,1242017875,-1,1544687652620,534,5,-1,100,8623991069
3,13.82463751515703,55.42353503697341,1242018123,-1,1547709012621,490,5,-1,100,8623991069
0,13.82608205595261,55.42226968026322,1242018123,-1,1547709252621,494,5,-1,100,8623991069
1,13.82722477990293,55.430566712715645,1242018495,-1,1550125092622,438,5,-1,100,8623991069
1,13.823921561321145,55.425228360995774,1242018123,-1,1547101932623,452,5,-1,100,8623991069
1,13.830432904202318,55.42937483399137,1242018495,-1,1547711292624,528,5,-1,100,8623991069
3,13.825057058559294,55.41894955465271,1242017999,-1,1546499892625,498,5,-1,100,8623991069
2,13.821025220854276,55.42995773023186,1242018495,-1,1547710212625,510,5,-1,100,8623991069
3,13.824247325167716,55.42722148836113,1242018495,-1,1549523652626,494,5,-1,100,8623991069
0,13.82545675704103,55.42613837409878,1242018495,-1,1545897012627,530,5,-1,100,8623991069
2,13.82082371425586,55.42557643214008,1242018123,-1,1547707212628,460,5,-1,100,8623991069
0,13.821563944668009,55.42914256097581,1242018495,-1,1544682612628,450,5,-1,100,8623991069
2,13.82442280511645,55.43640709817011,1242018619,-1,1546495452629,424,5,-1,100,8623991069
1,13.818905760678131,55.425470119252154,1242017379,-1,1548314652629,504,5,-1,100,8623991069
1,13.82570434213537,55.428571488022726,1242018495,-1,1546495692630,428,5,-1,100,8623991069
3,13.819106323422305,55.42975787740435,1242017751,-1,1549523532630,492,5,-1,100,8623991069
1,13.824950475037406,55.427126071020055,1242018495,-1,1548914532631,422,5,-1,100,8623991069
3,13.822780646654405,55.428486184845355,1242018495,-1,1545890892632,428,5,-1,100,8623991069
0,13.821403064859792,55.42419835716972,1242018123,-1,1545286932632,442,5,-1,100,8623991069
3,13.821601094461224,55.424839206233244,1242018123,-1,1545289092633,478,5,-1,100,8623991069
0,13.825501790555208,55.42521221194675,1242018123,-1,1544682132634,442,5,-1,100,8623991069
1,13.825275754256735,55.42784162132922,1242018495,-1,1550126532635,462,5,-1,100,8623991069
2,13.82515292466962,55.42663709112012,1242018495,-1,1548919092638,498,5,-1,100,8623991069
3,13.821524433985113,55.42319111000386,1242018123,-1,1547705652638,434,5,-1,100,8623991069
3,13.8231177363933,55.42981678969304,1242018495,-1,1549519452639,424,5,-1,100,8623991069
3,14.35512910164892,55.555449115727825,1254390347,-1,1550215955009,512,6,-1,100,9106990042
0,14.353195143610236,55.553917362260094,1254390347,-1,1547791355010,422,6,-1,100,9106990042
1,14.356488682974588,55.55935267611158,1254390719,-1,1548398195010,456,6,-1,100,9106990042
2,14.352868533436823,55.55385190847361,1254390347,-1,1544770235011,470,6,-1,100,9106990042
0,14.35016129000574,55.55532364425063,1254390347,-1,1547792795011,446,6,-1,100,9106990042
3,14.356557005793556,55.56039032419257,1254390719,-1,1546583435012,450,6,-1,100,9106990042
3,14.354124645926245,55.55041211295357,1254390223,-1,1548400715012,498,6,-1,100,9106990042
0,14.357769102769172,55.5592896512468,1254390719,-1,1544772275013,504,6,-1,100,9106990042
3,14.35260207177142,55.55743185433568,1254390347,-1,1544774315013,538,6,-1,100,9106990042
3,14.35987016733089,55.5574670127344,1254390595,-1,1545979835014,470,6,-1,100,9106990042
3,14.353507000819697,55.55443096957114,1254390347,-1,1545373955014,452,6,-1,100,9106990042
2,14.353817222695373,55.54997230214563,1254390223,-1,1545979595015,466,6,-1,100,9106990042
0,14.344890360809591,55.55382261619935,1254389603,-1,1547795675015,494,6,-1,100,9106990042
2,14.345990409213638,55.55984284225609,1254389975,-1,1550211155015,432,6,-1,100,9106990042
1,14.354626974473131,55.55094447759852,1254390223,-1,1547796275021,504,6,-1,100,9106990042
2,14.351408734265645,55.55198270312333,1254390223,-1,1547191235022,500,6,-1,100,9106990042
1,14.348862302970032,55.55241336587952,1254390347,-1,1550212715022,458,6,-1,100,9106990042
0,14.35033187664585,55.554099526905716,1254390347,-1,1548399395022,476,6,-1,100,9106990042
0,14.348717984070815,55.558180005481184,1254390719,-1,1550211395025,436,6,-1,100,9106990042
3,14.358285691260365,55.55225467357166,1254390223,-1,1548399755026,482,6,-1,100,9106990042
0,14.346572183797132,55.55198061325532,1254389479,-1,1549612595028,536,6,-1,100,9106990042
0,14.3547367140256,55.56179097142185,1254390719,-1,1549007555028,532,6,-1,100,9106990042
0,14.352426431589436,55.55435141712712,1254390347,-1,1549605875029,424,6,-1,100,9106990042
0,14.347069181071932,55.553099629355856,1254389603,-1,1544768075029,434,6,-1,100,9106990042
2,14.350429554858636,55.55214971494391,1254390223,-1,1549004195030,476,6,-1,100,9106990042
3,14.361260113128598,55.55687138329209,1254390595,-1,1545375035030,470,6,-1,100,9106990042
3,14.346381615383553,55.557800496761296,1254389603,-1,1548400115030,488,6,-1,100,9106990042
2,14.349000579735579,55.56235716161489,1254390719,-1,1547795195032,486,6,-1,100,9106990042
3,14.354315251914825,55.553332766500986,1254390347,-1,1545983315033,528,6,-1,100,9106990042
3,14.348683541750592,55.55581081383877,1254390347,-1,1549609115035,478,6,-1,100,9106990042
2,14.352894262164659,55.55458501508324,1254390347,-1,1549611035037,510,6,-1,100,9106990042
2,14.352661009114431,55.55719414475739,1254390347,-1,1549005395037,496,6,-1,100,9106990042
3,14.35522486923987,55.562703800799774,1254390719,-1,1547794955038,482,6,-1,100,9106990042
2,14.361055814393806,55.55430591338093,1254390595,-1,1546585955039,492,6,-1,100,9106990042
3,14.353975849837274,55.55118211337705,1254390223,-1,1544769395039,456,6,-1,100,9106990042
0,14.353555318435458,55.55906093120689,1254390719,-1,1549005395040,496,6,-1,100,9106990042
2,14.352723752514487,55.55431786284299,1254390347,-1,1544771315040,488,6,-1,100,9106990042
3,14.353515850630552,55.554024958098545,1254390347,-1,1548398075041,454,6,-1,100,9106990042
2,14.352980268241051,55.552979639849056,1254390347,-1,1548397355042,442,6,-1,100,9106990042
3,14.354192930674294,55.548018592005036,1254390223,-1,1547797595044,526,6,-1,100,9106990042
0,14.149652222725145,56.03290670865072,1254862663,-1,1547881732662,488,7,-1,100,9004293070
1,14.155236261198294,56.03237702828735,1254873327,-1,1546668052664,420,7,-1,100,9004293070
0,14.145400145189669,56.03498550064839,1254862663,-1,1549089892665,464,7,-1,100,9004293070
1,14.143494013002032,56.03177784518814,1254862663,-1,1549087732666,428,7,-1,100,9004293070
0,14.150957601685354,56.030705638399525,1254873327,-1,1549093972670,532,7,-1,100,9004293070
3,14.147705178564953,56.02900705133378,1254857331,-1,1548487972672,512,7,-1,100,9004293070
2,14.146396902190068,56.03476742320454,1254862663,-1,1546069372673,522,7,-1,100,9004293070
1,14.150257162660957,56.02400682878385,1254857207,-1,1545461332673,468,7,-1,100,9004293070
1,14.15252857684942,56.0348047584999,1254873327,-1,1547881252673,480,7,-1,100,9004293070
0,14.153190228418518,56.033905466803276,1254873327,-1,1548489172674,532,7,-1,100,9004293070
3,14.14864750409854,56.03058317876424,1254862663,-1,1547880172674,462,7,-1,100,9004293070
2,14.151150030030685,56.0281617460918,1254867995,-1,1546669492674,444,7,-1,100,9004293070
3,14.151281027264002,56.02389270218545,1254867871,-1,1544856532675,468,7,-1,100,9004293070
1,14.150714842348396,56.02701002516277,1254867995,-1,1547879692675,454,7,-1,100,9004293070
2,14.147854508747349,56.02833269661976,1254857331,-1,1549692892676,434,7,-1,100,9004293070
1,14.150321869512355,56.031022725158145,1254862663,-1,1544857372676,482,7,-1,100,9004293070
2,14.153188522981345,56.037494728915874,1254873451,-1,1548487612676,506,7,-1,100,9004293070
0,14.145601864204231,56.03360878355649,1254862663,-1,1544855692677,454,7,-1,100,9004293070
2,14.14411170017896,56.033505325250474,1254862663,-1,1548487612677,506,7,-1,100,9004293070
3,14.144136871979892,56.029582410940016,1254857331,-1,1546672492678,494,7,-1,100,9004293070
1,14.15855133115891,56.03112259566043,1254873327,-1,1547273452678,430,7,-1,100,9004293070
3,14.151985334677603,56.03746620411635,1254873451,-1,1548486292678,484,7,-1,100,9004293070
0,14.151879215670894,56.03476929466053,1254873327,-1,1546068532679,508,7,-1,100,9004293070
0,14.154613949893465,56.02510746888042,1254867995,-1,1547279692679,534,7,-1,100,9004293070
0,14.15098794395154,56.025340763157764,1254867995,-1,1548487852679,510,7,-1,100,9004293070
2,14.151112961693489,56.02606447364922,1254867995,-1,1548485092680,464,7,-1,100,9004293070
3,14.148208866781678,56.03304995653021,1254862663,-1,1545463612680,506,7,-1,100,9004293070
0,14.150010574679387,56.02803221754735,1254857331,-1,1547276932688,488,7,-1,100,9004293070
0,14.153693882505932,56.026437797268734,1254867995,-1,1550301412689,496,7,-1,100,9004293070
2,14.153208825962961,56.035218031081,1254873327,-1,1544857132689,478,7,-1,100,9004293070
2,14.150901334583356,56.03067390668221,1254873327,-1,1547880892689,474,7,-1,100,9004293070
2,14.151212243911472,56.028087597291076,1254867995,-1,1545461812690,476,7,-1,100,9004293070
0,14.145382129128995,56.03185609271283,1254862663,-1,1549089412690,456,7,-1,100,9004293070
2,14.151119580711343,56.031599849522706,1254873327,-1,1549694092691,454,7,-1,100,9004293070
2,14.152098316602927,56.03294191591529,1254873327,-1,1550301892691,504,7,-1,100,9004293070
3,14.153784702782707,56.027707795842744,1254867995,-1,1544855452692,450,7,-1,100,9004293070
0,14.159367093838652,56.02934155179075,1254867995,-1,1550301172692,492,7,-1,100,9004293070
1,14.150074117282458,56.02616140486267,1254857331,-1,1544858572692,502,7,-1,100,9004293070
2,14.151874546603432,56.03579953595362,1254873451,-1,1547878492693,434,7,-1,100,9004293070
3,14.15021296953221,56.03373701221666,1254862663,-1,1548487372693,502,7,-1,100,9004293070
2,13.769938260859478,56.1551294742717,1244039447,-1,1549785006769,530,1,-1,100,9307083241
3,13.75929570504814,56.1612914548669,1244039323,-1,1544338566770,476,1,-1,100,9307083241
0,13.763664730187564,56.166992285056544,1244060527,-1,1545549126771,492,1,-1,100,9307083241
3,13.763738955574171,56.15837885483633,1244039323,-1,1546153326771,482,1,-1,100,9307083241
0,13.762629473113652,56.1631709994534,1244060527,-1,1549783086771,498,1,-1,100,9307083241
3,13.764188328548,56.15465787620745,1244039199,-1,1547361366772,456,1,-1,100,9307083241
2,13.754787995304785,56.15511773345311,1244036471,-1,1546757886772,478,1,-1,100,9307083241
0,13.769045564472714,56.15660596276126,1244039447,-1,1544945166772,506,1,-1,100,9307083241
1,13.764302472442559,56.15656290684203,1244039199,-1,1547965926773,452,1,-1,100,9307083241
3,13.762261489060151,56.15667958594991,1244039323,-1,1548573246773,494,1,-1,100,9307083241
1,13.766297868597222,56.155777350192814,1244039447,-1,1545545286773,428,1,-1,100,9307083241
1,13.76435973096593,56.15573727819048,1244039199,-1,1548570966774,456,1,-1,100,9307083241
3,13.772089196075266,56.15784529335336,1244039571,-1,1545544806774,420,1,-1,100,9307083241
3,13.75471832244794,56.160986483220675,1244036595,-1,1549174806775,440,1,-1,100,9307083241
1,13.75812520750871,56.160018868662135,1244039323,-1,1546757166776,466,1,-1,100,9307083241
2,13.768250434408934,56.15868318478764,1244039571,-1,1549176366777,466,1,-1,100,9307083241
3,13.765123407235844,56.16178259477166,1244039323,-1,1549173966777,426,1,-1,100,9307083241
1,13.762058344852566,56.15437065629879,1244039199,-1,1544944326777,492,1,-1,100,9307083241
3,13.756645134089636,56.15795230223233,1244039323,-1,1547970246778,524,1,-1,100,9307083241
0,13.76469582974909,56.15863333474714,1244039323,-1,1549781526778,472,1,-1,100,9307083241
2,13.765702061367428,56.15566007101622,1244039199,-1,1547364606779,510,1,-1,100,9307083241
0,13.759778027989595,56.164362710402486,1244060527,-1,1548574566779,516,1,-1,100,9307083241
0,13.76353212786793,56.16399601783468,1244060527,-1,1548575286780,528,1,-1,100,9307083241
2,13.762911440760242,56.15730342568284,1244039323,-1,1545549246780,494,1,-1,100,9307083241
3,13.763106749485901,56.158824122824875,1244039323,-1,1545548886781,488,1,-1,100,9307083241
0,13.75561646422227,56.155922978512024,1244039199,-1,1549781046781,464,1,-1,100,9307083241
3,13.76189844297732,56.15714328596939,1244039323,-1,1549780326782,452,1,-1,100,9307083241
2,13.762948935866117,56.161641692949736,1244039323,-1,1547362446782,474,1,-1,100,9307083241
1,13.758722028438969,56.1602189786819,1244039323,-1,1547359566783,426,1,-1,100,9307083241
0,13.755458784836293,56.15646422709913,1244039199,-1,1544945526783,512,1,-1,100,9307083241
0,13.757103479695564,56.155668358621305,1244039199,-1,1549783206784,500,1,-1,100,9307083241
1,13.771334980269645,56.15786196304295,1244039571,-1,1544940126784,422,1,-1,100,9307083241
0,13.76266020165285,56.157594118116215,1244039323,-1,1547360286785,438,1,-1,100,9307083241
1,13.768169130434513,56.15103795463108,1244039075,-1,1547360046785,434,1,-1,100,9307083241
2,13.758384916167042,56.15351074690653,1244039199,-1,1549783806788,510,1,-1,100,9307083241
3,13.766505457418424,56.15630900374042,1244039447,-1,1544943006789,470,1,-1,100,9307083241
3,13.764207424362363,56.158336150706,1244039323,-1,1549178406790,500,1,-1,100,9307083241
2,13.76777304504915,56.151092735145184,1244039075,-1,1549784886791,528,1,-1,100,9307083241
3,13.765524517427426,56.16158814699003,1244039323,-1,1546153326792,482,1,-1,100,9307083241
2,13.76408985009992,56.16128677293304,1244039323,-1,1548571566792,466,1,-1,100,9307083241
3,12.691436551363386,56.04127016457339,1242669495,-1,1545631586479,426,2,-1,100,8324193070
0,12.69403077126341,56.05067908798297,1242669619,-1,1544426906479,508,2,-1,100,8324193070
2,12.701683237124085,56.04893953238044,1242672347,-1,1547447066480,444,2,-1,100,8324193070
3,12.70014453664021,56.03904570097568,1242669123,-1,1546843466486,464,2,-1,100,8324193070
3,12.689660610666193,56.04207080951758,1242669495,-1,1544423426488,450,2,-1,100,8324193070
0,12.695167440849636,56.03884658296857,1242669123,-1,1547448266489,464,2,-1,100,8324193070
2,12.695346510015376,56.04349703327125,1242669495,-1,1545633266490,454,2,-1,100,8324193070
0,12.694620543410641,56.04643168203601,1242669495,-1,1546846946491,522,2,-1,100,8324193070
3,12.694588618415086,56.04747307014135,1242669619,-1,1548050906491,428,2,-1,100,8324193070
2,12.695508742637863,56.04276483389998,1242669495,-1,1548659186492,486,2,-1,100,8324193070
1,12.689362336780537,56.046725246405565,1242669495,-1,1545026786492,426,2,-1,100,8324193070
3,12.69835467008335,56.039628638989605,1242669123,-1,1548657866493,464,2,-1,100,8324193070
3,12.689636642108713,56.04012689221788,1242669123,-1,1546237466493,444,2,-1,100,8324193070
1,12.69462775651061,56.04322411333752,1242669495,-1,1547450666493,504,2,-1,100,8324193070
0,12.703697064688404,56.045047909876736,1242672223,-1,1546840946494,422,2,-1,100,8324193070
0,12.698469208951742,56.04085074149946,1242669123,-1,1548053186494,466,2,-1,100,8324193070
0,12.695933368954758,56.04496749809416,1242669495,-1,1547449106494,478,2,-1,100,8324193070
3,12.68941102901529,56.03974238347384,1242669123,-1,1546242746495,532,2,-1,100,8324193070
1,12.694948534830994,56.04397548373128,1242669495,-1,1545635066495,484,2,-1,100,8324193070
3,12.692600505956246,56.04626357546583,1242669495,-1,1546237946495,452,2,-1,100,8324193070
3,12.699876311281233,56.03549723608605,1242668999,-1,1546844066495,474,2,-1,100,8324193070
3,12.695166219751721,56.03887415594301,1242669123,-1,1549871546496,532,2,-1,100,8324193070
0,12.689976705967819,56.0469966816935,1242669619,-1,1545631706500,428,2,-1,100,8324193070
0,12.69963192486875,56.044512555319365,1242669495,-1,1545633506501,458,2,-1,100,8324193070
2,12.687128377707086,56.039536307453666,1242668875,-1,1545635066502,484,2,-1,100,8324193070
0,12.694004046636127,56.04292951568818,1242669495,-1,1546239626503,480,2,-1,100,8324193070
0,12.69441809928668,56.04504829921307,1242669495,-1,1549865666503,434,2,-1,100,8324193070
2,12.696160700087207,56.03801274738559,1242669123,-1,1544421626503,420,2,-1,100,8324193070
2,12.695285916002911,56.04474945309788,1242669495,-1,1549262906504,468,2,-1,100,8324193070
3,12.700324388856528,56.04963502724997,1242672347,-1,1548660026504,500,2,-1,100,8324193070
1,12.701783268598936,56.04505893869,1242672223,-1,1547450306504,498,2,-1,100,8324193070
0,12.700745745018143,56.04204228732673,1242672223,-1,1547448506505,468,2,-1,100,8324193070
2,12.68725688372697,56.04432272064629,1242669247,-1,1549868546505,482,2,-1,100,8324193070
3,12.694438654793101,56.04430563175846,1242669495,-1,1547447546505,452,2,-1,100,8324193070
1,12.69649475548629,56.04573174236605,1242669495,-1,1548657626505,460,2,-1,100,8324193070
2,12.690798658770497,56.04113259062795,1242669123,-1,1545635306506,488,2,-1,100,8324193070
0,12.699410312773264,56.04211237841867,1242669495,-1,1544423306506,448,2,-1,100,8324193070
3,12.695662781163021,56.0441615128248,1242669495,-1,1544422706507,438,2,-1,100,8324193070
0,12.697371723809665,56.036750944840406,1242669123,-1,1548050786507,426,2,-1,100,8324193070
3,12.698897109963845,56.04496624176857,1242669495,-1,1548051866507,444,2,-1,100,8324193070
2,13.761155057235472,56.157937275208866,1244039323,-1,1548747885294,524,3,-1,100,9307090042
1,13.763486707633586,56.15807430612607,1244039323,-1,1546933965297,532,3,-1,100,9307090042
1,13.763383337474645,56.157963645230474,1244039323,-1,1546322805297,426,3,-1,100,9307090042
1,13.758776195270801,56.16009604381901,1244039323,-1,1547538525298,528,3,-1,100,9307090042
3,13.770193732927591,56.1586857332196,1244039571,-1,1549956045300,500,3,-1,100,9307090042
1,13.764707072616677,56.161636402525424,1244039323,-1,1549349325300,468,3,-1,100,9307090042
2,13.756688539951519,56.15894851070416,1244039323,-1,1549349445303,470,3,-1,100,9307090042
3,13.76991410297741,56.15325694593516,1244039447,-1,1548142125306,508,3,-1,100,9307090042
1,13.766930364066244,56.16125995167533,1244039571,-1,1545718005306,426,3,-1,100,9307090042
2,13.765595661913876,56.153547124738076,1244039199,-1,1545119445311,530,3,-1,100,9307090042
2,13.763814706710923,56.158791995875355,1244039323,-1,1544509125312,438,3,-1,100,9307090042
2,13.761235277926374,56.162431563870726,1244060527,-1,1549952565314,442,3,-1,100,9307090042
1,13.765626192797853,56.15183033602322,1244039199,-1,1549952565315,442,3,-1,100,9307090042
3,13.762479647220534,56.15882564300596,1244039323,-1,1549955685315,494,3,-1,100,9307090042
1,13.762709265938238,56.157759932551684,1244039323,-1,1547538645315,530,3,-1,100,9307090042
0,13.766244625015467,56.16127781821693,1244039571,-1,1546325085316,464,3,-1,100,9307090042
3,13.760064822746129,56.15782725277075,1244039323,-1,1546931805316,496,3,-1,100,9307090042
2,13.762139480018266,56.150590521810344,1244038827,-1,1549955685317,494,3,-1,100,9307090042
2,13.757778828336601,56.1635055622425,1244060527,-1,1547534085318,454,3,-1,100,9307090042
0,13.763236806265873,56.15863740426926,1244039323,-1,1545114285318,444,3,-1,100,9307090042
3,13.758035055441285,56.15448013950914,1244039199,-1,1547537445318,510,3,-1,100,9307090042
1,13.76315140763091,56.15795111017151,1244039323,-1,1548137685319,434,3,-1,100,9307090042
0,13.764654483254777,56.156478004060936,1244039199,-1,1545723405320,516,3,-1,100,9307090042
0,13.76772450664132,56.1519073051033,1244039447,-1,1545113685321,434,3,-1,100,9307090042
1,13.762801665107743,56.158885927169806,1244039323,-1,1546326765322,492,3,-1,100,9307090042
1,13.764219566663387,56.15945176140988,1244039323,-1,1546929645323,460,3,-1,100,9307090042
0,13.76329336234147,56.15860089863457,1244039323,-1,1546932525323,508,3,-1,100,9307090042
2,13.768097842132196,56.15665804692623,1244039571,-1,1548139005324,456,3,-1,100,9307090042
3,13.768434007420147,56.15589399178427,1244039447,-1,1548743325324,448,3,-1,100,9307090042
1,13.757627262957477,56.157261386242375,1244039323,-1,1548748005325,526,3,-1,100,9307090042
2,13.762510694852155,56.165148360921805,1244060527,-1,1546328685326,524,3,-1,100,9307090042
1,13.764680558620912,56.16406869189214,1244060527,-1,1545720285326,464,3,-1,100,9307090042
1,13.76849614663469,56.162241842613604,1244060775,-1,1544514165327,522,3,-1,100,9307090042
3,13.766631441324481,56.156712268871544,1244039571,-1,1545717765327,422,3,-1,100,9307090042
3,13.762869970900223,56.15524411259854,1244039199,-1,1549349325327,468,3,-1,100,9307090042
0,13.760459760784705,56.15335252506197,1244039199,-1,1546928685328,444,3,-1,100,9307090042
3,13.762822066033953,56.16307127438697,1244060527,-1,1545117165328,492,3,-1,100,9307090042
3,13.762824622420924,56.164298923259636,1244060527,-1,1548139725328,468,3,-1,100,9307090042
3,13.769475023597598,56.161219993552685,1244039571,-1,1547536965328,502,3,-1,100,9307090042
1,13.768024876650532,56.160693666359094,1244039571,-1,1548748125329,528,3,-1,100,9307090042
2,14.145430074622144,56.03263061416516,1254862663,-1,1545810013576,520,4,-1,100,9004291069
1,14.148505573441875,56.03861871074474,1254862787,-1,1545202093577,468,4,-1,100,9004291069
1,14.15821189337141,56.03114817198577,1254873327,-1,1548834253577,524,4,-1,100,9004291069
1,14.15105650737245,56.031957490544066,1254873327,-1,1549439893577,538,4,-1,100,9004291069
0,14.148578658094575,56.035899021878535,1254862787,-1,1548227293578,488,4,-1,100,9004291069
2,14.153528397126003,56.029814054968035,1254867995,-1,1549434373578,446,4,-1,100,9004291069
2,14.155967782761357,56.02960015348703,1254867995,-1,1544599933578,512,4,-1,100,9004291069
2,14.157576747362272,56.03393214928527,1254873327,-1,1545200293578,438,4,-1,100,9004291069
0,14.14626297086698,56.02997004812108,1254857331,-1,1547622373579,486,4,-1,100,9004291069
2,14.154095284058027,56.03927035421869,1254873451,-1,1545203773579,496,4,-1,100,9004291069
0,14.149378661550134,56.022791620601865,1254857207,-1,1547623813579,510,4,-1,100,9004291069
3,14.148031415819093,56.035074701250586,1254862663,-1,1548224893580,448,4,-1,100,9004291069
2,14.157721224557255,56.03782075029854,1254873451,-1,1550037733580,422,4,-1,100,9004291069
2,14.149242675453474,56.03017697753564,1254857331,-1,1550039773580,456,4,-1,100,9004291069
3,14.150411590879774,56.02416494098356,1254867871,-1,1548225613581,460,4,-1,100,9004291069
3,14.15080938715554,56.025995056768785,1254867995,-1,1548829213582,440,4,-1,100,9004291069
1,14.151872786836863,56.03086102894603,1254873327,-1,1550041693585,488,4,-1,100,9004291069
1,14.15152935451603,56.031620313867705,1254873327,-1,1547019013587,510,4,-1,100,9004291069
0,14.151252307429203,56.03169800792249,1254873327,-1,1545204973588,516,4,-1,100,9004291069
2,14.149277594524461,56.02671249861291,1254857331,-1,1548828013589,420,4,-1,100,9004291069
2,14.153338281613213,56.03104672558284,1254873327,-1,1547019013590,510,4,-1,100,9004291069
1,14.15110736401756,56.03142025656934,1254873327,-1,1547018413590,500,4,-1,100,9004291069
2,14.152061904678856,56.02855067691709,1254867995,-1,1545807013591,470,4,-1,100,9004291069
3,14.150047711186364,56.030042640833386,1254857331,-1,1547622013591,480,4,-1,100,9004291069
1,14.154863251422963,56.02797579210965,1254867995,-1,1545202573592,476,4,-1,100,9004291069
2,14.151212244743457,56.02805999729109,1254867995,-1,1545805213592,440,4,-1,100,9004291069
0,14.147946229326218,56.028306811275456,1254857331,-1,1547019253592,514,4,-1,100,9004291069
2,14.15164701684126,56.02622812838366,1254867995,-1,1545806053593,454,4,-1,100,9004291069
0,14.145202838625593,56.0272687104032,1254857331,-1,1550038453593,434,4,-1,100,9004291069
1,14.151345460005793,56.03163997926368,1254873327,-1,1547622253594,484,4,-1,100,9004291069
1,14.158816038654352,56.027255619493694,1254867995,-1,1545200653594,444,4,-1,100,9004291069
1,14.153433199716762,56.02975728399093,1254867995,-1,1544598373594,486,4,-1,100,9004291069
2,14.156810879626029,56.029349310357404,1254867995,-1,1545203773595,496,4,-1,100,9004291069
3,14.150262283018069,56.025408367820134,1254857331,-1,1545200893595,448,4,-1,100,9004291069
0,14.151594603743655,56.03214720101773,1254873327,-1,1548229333596,522,4,-1,100,9004291069
1,14.149826303537036,56.03105608694431,1254862663,-1,1548834253596,524,4,-1,100,9004291069
0,14.15673387339069,56.02723786482044,1254867995,-1,1547018653597,504,4,-1,100,9004291069
3,14.1489486105938,56.03530571269412,1254862663,-1,1548831373597,476,4,-1,100,9004291069
3,14.156424087854706,56.03109672658275,1254873327,-1,1545804973597,436,4,-1,100,9004291069
3,14.151128278434234,56.030888853754355,1254873327,-1,1550040493598,468,4,-1,100,9004291069
3,14.353035459327822,55.55191692988453,1254390223,-1,1550129196445,506,5,-1,100,9106986239
1,14.346429055623386,55.5515341447432,1254389479,-1,1544682036445,440,5,-1,100,9106986239
0,14.353372192030955,55.558978548422594,1254390719,-1,1550125956446,452,5,-1,100,9106986239
0,14.350355172964692,55.55579731329256,1254390347,-1,1548918276446,484,5,-1,100,9106986239
3,14.353685316558801,55.5567770434441,1254390347,-1,1544684316446,478,5,-1,100,9106986239
1,14.35514839046919,55.55757490420271,1254390347,-1,1546496436447,440,5,-1,100,9106986239
3,14.353471471461773,55.54865231744519,1254390223,-1,1545291156451,512,5,-1,100,9106986239
2,14.351980964937523,55.555447770749126,1254390347,-1,1550128956452,502,5,-1,100,9106986239
1,14.356222632705835,55.55213176087316,1254390223,-1,1549520196452,436,5,-1,100,9106986239
2,14.353880537228589,55.55473391774436,1254390347,-1,1545288276453,464,5,-1,100,9106986239
2,14.355668993301885,55.55451293712222,1254390347,-1,1547705796454,436,5,-1,100,9106986239
3,14.345752125258372,55.55863909512327,1254389975,-1,1547103276455,474,5,-1,100,9106986239
1,14.353917644408183,55.55479441861774,1254390347,-1,1547711436455,530,5,-1,100,9106986239
2,14.347808089597573,55.555699164223796,1254389603,-1,1550124996455,436,5,-1,100,9106986239
0,14.352189824471992,55.549448314998436,1254390223,-1,1549522116456,468,5,-1,100,9106986239
0,14.353757538796849,55.552729224905015,1254390347,-1,1545891756457,442,5,-1,100,9106986239
2,14.353566660611424,55.55452305710956,1254390347,-1,1546498476459,474,5,-1,100,9106986239
3,14.344460525255057,55.55166163406064,1254389479,-1,1545288276460,464,5,-1,100,9106986239
0,14.35342929555394,55.55195495502478,1254390223,-1,1546501836460,530,5,-1,100,9106986239
3,14.355488687799182,55.5484812439989,1254390223,-1,1545896076460,514,5,-1,100,9106986239
2,14.34926475545435,55.55052573713628,1254390223,-1,1545288036461,460,5,-1,100,9106986239
2,14.350743039307885,55.55488718316617,1254390347,-1,1550127516461,478,5,-1,100,9106986239
0,14.353492089288304,55.55920229909781,1254390719,-1,1545289476465,484,5,-1,100,9106986239
3,14.353765494784934,55.55388260852889,1254390347,-1,1549524396465,506,5,-1,100,9106986239
3,14.351623585226104,55.55784847597369,1254390347,-1,1548915276465,434,5,-1,100,9106986239
2,14.352688106768902,55.55428258872103,1254390347,-1,1547105796466,516,5,-1,100,9106986239
3,14.354748731449405,55.56304039193251,1254390719,-1,1544680836467,420,5,-1,100,9106986239
1,14.350096611875424,55.55249526146502,1254390347,-1,1545896196467,516,5,-1,100,9106986239
1,14.349982627050403,55.55789607779521,1254390719,-1,1544686716470,518,5,-1,100,9106986239
2,14.35241705179098,55.553393621592164,1254390347,-1,1545897036470,530,5,-1,100,9106986239
2,14.353756832463121,55.554505789675105,1254390347,-1,1550129076472,504,5,-1,100,9106986239
1,14.355650960680636,55.555269017860944,1254390347,-1,1549524876472,514,5,-1,100,9106986239
1,14.355794114529118,55.54701586806858,1254390223,-1,1547100996472,436,5,-1,100,9106986239
1,14.354944053602166,55.55594963325523,1254390347,-1,1548313716472,488,5,-1,100,9106986239
2,14.349207008872146,55.5557624685322,1254390347,-1,1545288276473,464,5,-1,100,9106986239
2,14.355934867301587,55.55095845098263,1254390223,-1,1545891276473,434,5,-1,100,9106986239
1,14.349757998535454,55.55728295698668,1254390347,-1,1545896196473,516,5,-1,100,9106986239
1,14.354875328964823,55.558181564007995,1254390719,-1,1548315876474,524,5,-1,100,9106986239
0,14.353913078896172,55.55750779045195,1254390347,-1,1545286116474,428,5,-1,100,9106986239
3,14.353769726671826,55.55220767206911,1254390223,-1,1547101356474,442,5,-1,100,9106986239
1,13.820806575946051,55.42775119534268,1242018495,-1,1545978772564,452,6,-1,100,8623980000
0,13.820797396192686,55.42775180536577,1242017751,-1,1549006252565,510,6,-1,100,8623980000
2,13.829531926423362,55.42996529917065,1242018495,-1,1550213092565,464,6,-1,100,8623980000
3,13.826589765581874,55.421831469318036,1242018123,-1,1550213692566,474,6,-1,100,8623980000
2,13.826424909499366,55.43107260872965,1242018495,-1,1547192452566,520,6,-1,100,8623980000
1,13.826091465697598,55.42102853800941,1242018123,-1,1545982732567,518,6,-1,100,8623980000
0,13.820913315209825,55.42288033563765,1242018123,-1,1545980812570,486,6,-1,100,8623980000
0,13.823044577651514,55.43395332266247,1242018619,-1,1546585492572,484,6,-1,100,8623980000
1,13.830646764586067,55.43333787575602,1242018619,-1,1548399412572,476,6,-1,100,8623980000
3,13.822157667340237,55.432720023277824,1242018619,-1,1546584292572,464,6,-1,100,8623980000
0,13.826351486131587,55.42779023304809,1242018495,-1,1545373012573,436,6,-1,100,8623980000
0,13.825114310174486,55.428396173336125,1242018495,-1,1547193412573,536,6,-1,100,8623980000
2,13.824303591295363,55.43111782987494,1242018495,-1,1545376372574,492,6,-1,100,8623980000
1,13.832048733277722,55.42749969912917,1242018743,-1,1549006372576,512,6,-1,100,8623980000
2,13.825132356805517,55.436033621400526,1242018619,-1,1548402292577,524,6,-1,100,8623980000
3,13.829759670420538,55.4242085570995,1242018123,-1,1547795452578,490,6,-1,100,8623980000
1,13.8265829733566,55.42813485620112,1242018495,-1,1547189932578,478,6,-1,100,8623980000
2,13.823365622345628,55.430664451062825,1242018495,-1,1545374812579,466,6,-1,100,8623980000
0,13.831396746520626,55.42218602750181,1242018123,-1,1545374212579,456,6,-1,100,8623980000
2,13.825455566465868,55.42799767852256,1242018495,-1,1548398092580,454,6,-1,100,8623980000
2,13.832760834181448,55.42989682098018,1242018743,-1,1549605652580,420,6,-1,100,8623980000
1,13.824980270623008,55.42962939968819,1242018495,-1,1544771812580,496,6,-1,100,8623980000
3,13.82553828981622,55.430466331210916,1242018495,-1,1548397252581,440,6,-1,100,8623980000
0,13.82619518140571,55.42987152580055,1242018495,-1,1545378652581,530,6,-1,100,8623980000
3,13.82474266410269,55.42806235729063,1242018495,-1,1549005652583,500,6,-1,100,8623980000
0,13.826077027247226,55.42920615471273,1242018495,-1,1546586212583,496,6,-1,100,8623980000
2,13.825026236633374,55.42573942474005,1242018123,-1,1545378772584,532,6,-1,100,8623980000
2,13.823025395017437,55.41912899592136,1242017999,-1,1545378292585,524,6,-1,100,8623980000
1,13.818383600255599,55.4317535680553,1242017875,-1,1547797852586,530,6,-1,100,8623980000
3,13.827516500375294,55.425306159511045,1242018123,-1,1547793652586,460,6,-1,100,8623980000
3,13.822579068343044,55.42857628936461,1242018495,-1,1548399772587,482,6,-1,100,8623980000
3,13.827986003870926,55.420506671254095,1242017999,-1,1545372892587,434,6,-1,100,8623980000
2,13.82821848924624,55.42370852379976,1242018123,-1,1546586092587,494,6,-1,100,8623980000
2,13.826580564856773,55.42766540399453,1242018495,-1,1545374572588,462,6,-1,100,8623980000
0,13.825100379094708,55.42734755046024,1242018495,-1,1549610932588,508,6,-1,100,8623980000
0,13.823459527868575,55.42736256248116,1242018495,-1,1550212372588,452,6,-1,100,8623980000
3,13.821652028468513,55.425910534434074,1242018123,-1,1550216092589,514,6,-1,100,8623980000
2,13.819715968388419,55.429523349676145,1242017751,-1,1545978292589,444,6,-1,100,8623980000
2,13.824306943154994,55.427861316799614,1242018495,-1,1546582012589,426,6,-1,100,8623980000
2,13.822298214371036,55.42713754140453,1242018495,-1,1547795452589,490,6,-1,100,8623980000
2,12.998372950255005,55.60717997492857,1242213175,-1,1545459602445,440,7,-1,100,8000081216
3,12.994486752587116,55.61530745983581,1242214415,-1,1546670762445,466,7,-1,100,8000081216
1,13.007222311847336,55.607309835750115,1242213299,-1,1545458762445,426,7,-1,100,8000081216
0,12.998561420219351,55.610752575242394,1242213299,-1,1547274242448,444,7,-1,100,8000081216
3,12.990774881210369,55.60698662085154,1242212927,-1,1550297162448,426,7,-1,100,8000081216
3,13.007244342929823,55.60991460810822,1242213299,-1,1544859962448,526,7,-1,100,8000081216
1,12.996968414641483,55.61596601033695,1242214663,-1,1548485402449,470,7,-1,100,8000081216
3,12.997937144524288,55.60832876621191,1242213299,-1,1547274362449,446,7,-1,100,8000081216
0,12.999283595351764,55.608463692188685,1242213299,-1,1549089362449,456,7,-1,100,8000081216
3,12.999221996612206,55.606622976749605,1242213175,-1,1547275922450,472,7,-1,100,8000081216
3,13.005733529748847,55.60590369231253,1242213175,-1,1546065722450,462,7,-1,100,8000081216
3,13.004584468084447,55.605767367054966,1242213175,-1,1549093562450,526,7,-1,100,8000081216
2,13.000137230697893,55.616022530271366,1242214663,-1,1544859842450,524,7,-1,100,8000081216
2,13.002108704373937,55.60695752624646,1242213175,-1,1548487082451,498,7,-1,100,8000081216
0,12.999818984411403,55.60893418764053,1242213299,-1,1546067762451,496,7,-1,100,8000081216
0,12.997192182432624,55.6042301380036,1242213175,-1,1546669682455,448,7,-1,100,8000081216
0,13.001014108505633,55.600855163912605,1242212803,-1,1546065242457,454,7,-1,100,8000081216
0,13.000443621198094,55.607808288523714,1242213299,-1,1547276762457,486,7,-1,100,8000081216
3,13.002253431887043,55.60639179081584,1242213175,-1,1545460442457,454,7,-1,100,8000081216
0,12.997592399789866,55.61060266362369,1242213299,-1,1548482522458,422,7,-1,100,8000081216
0,13.00044159758315,55.60488632784842,1242213175,-1,1547882162459,496,7,-1,100,8000081216
0,13.004287724888728,55.6079290287914,1242213299,-1,1544855402459,450,7,-1,100,8000081216
3,12.997570168598784,55.60728697902209,1242213175,-1,1548489362460,536,7,-1,100,8000081216
2,13.001069981619658,55.60197251554447,1242213175,-1,1547878442460,434,7,-1,100,8000081216
2,12.997165422232193,55.617470238510855,1242214663,-1,1544854202464,430,7,-1,100,8000081216
0,13.001726528017498,55.61088851242204,1242213299,-1,1549696802464,500,7,-1,100,8000081216
0,12.995280713714473,55.61319529038853,1242214415,-1,1549090802465,480,7,-1,100,8000081216
1,12.998664519604034,55.60864746539868,1242213299,-1,1546067762465,496,7,-1,100,8000081216
1,13.000718200694413,55.61095999338057,1242213299,-1,1546671242466,474,7,-1,100,8000081216
3,12.9983482139529,55.60707461924457,1242213175,-1,1546066802466,480,7,-1,100,8000081216
1,12.99846169313646,55.60498338771715,1242213175,-1,1550302442467,514,7,-1,100,8000081216
1,12.991739610514605,55.61177882255244,1242213051,-1,1550302562468,516,7,-1,100,8000081216
0,12.999365828593133,55.606033552573244,1242213175,-1,1549694762469,466,7,-1,100,8000081216
3,13.000616126596423,55.60967675709027,1242213299,-1,1548486362469,486,7,-1,100,8000081216
2,13.001631619816727,55.61116621232304,1242213299,-1,1549694882470,468,7,-1,100,8000081216
2,13.000652305520568,55.60494712475084,1242213175,-1,1544858882470,508,7,-1,100,8000081216
0,13.004946049215336,55.601526062336724,1242212803,-1,1547882762471,506,7,-1,100,8000081216
0,13.001520036899532,55.615408858768994,1242214663,-1,1549695122471,472,7,-1,100,8000081216
3,12.997466489498782,55.612900620679476,1242214663,-1,1545461162472,466,7,-1,100,8000081216
3,13.006965546604524,55.61215176056117,1242213299,-1,1547880962472,476,7,-1,100,8000081216
2,13.190733792178406,55.710875498609774,1242479403,-1,1547361136902,452,1,-1,100,8121683241
3,13.185638075562837,55.705939177771675,1242479279,-1,1546153216903,480,1,-1,100,8121683241
0,13.185603367902955,55.705231440180995,1242479279,-1,1547365216903,520,1,-1,100,8121683241
0,13.186253684089905,55.70537342864373,1242479279,-1,1549176016904,460,1,-1,100,8121683241
0,13.183434758763964,55.70539147877292,1242436871,-1,1546154296904,498,1,-1,100,8121683241
3,13.189773255658098,55.712301296851706,1242479775,-1,1547363656905,494,1,-1,100,8121683241
1,13.183926616081862,55.70962019365767,1242479403,-1,1544940736905,432,1,-1,100,8121683241
2,13.183027991196546,55.70705304770098,1242436995,-1,1548569536906,432,1,-1,100,8121683241
1,13.185636556060098,55.71064936633024,1242479403,-1,1544942776906,466,1,-1,100,8121683241
1,13.189315879276077,55.71232858020111,1242479775,-1,1547970016907,520,1,-1,100,8121683241
0,13.184279864080638,55.700755524048844,1242479279,-1,1547363536907,492,1,-1,100,8121683241
1,13.19063778783953,55.711304671522626,1242479403,-1,1549174216908,430,1,-1,100,8121683241
1,13.188951706379514,55.70875591401713,1242479403,-1,1547362096908,468,1,-1,100,8121683241
2,13.180437493836763,55.7071883420336,1242436995,-1,1544944096909,488,1,-1,100,8121683241
1,13.186789735790581,55.70606743732383,1242479279,-1,1546760176909,516,1,-1,100,8121683241
0,13.184947339110867,55.70706802852647,1242479403,-1,1548569296910,428,1,-1,100,8121683241
0,13.18370026940077,55.69880165235162,1242477915,-1,1546153696910,488,1,-1,100,8121683241
2,13.17924372386903,55.708458308241944,1242436995,-1,1546759936911,512,1,-1,100,8121683241
0,13.185647569700624,55.70449446586161,1242479279,-1,1544336536911,442,1,-1,100,8121683241
3,13.193435653354992,55.702580020902154,1242479279,-1,1546150696916,438,1,-1,100,8121683241
2,13.188307725300987,55.706481781193666,1242479403,-1,1544338216916,470,1,-1,100,8121683241
1,13.186447822152347,55.70287876497402,1242479279,-1,1548570856916,454,1,-1,100,8121683241
1,13.189119736484832,55.70227000245013,1242479279,-1,1549175296917,448,1,-1,100,8121683241
3,13.190942192321383,55.70730790842457,1242479403,-1,1548573016919,490,1,-1,100,8121683241
2,13.182937281311085,55.69898652549529,1242435507,-1,1544942416919,460,1,-1,100,8121683241
2,13.190276934871276,55.70521733391516,1242479279,-1,1546761016919,530,1,-1,100,8121683241
1,13.188570965216796,55.70955729529306,1242479403,-1,1546149976920,426,1,-1,100,8121683241
1,13.19101813442288,55.70087626043536,1242479279,-1,1545546136920,442,1,-1,100,8121683241
0,13.18624370199354,55.710874236787596,1242479403,-1,1547362096921,468,1,-1,100,8121683241
1,13.188543216761648,55.70898716742845,1242479403,-1,1546152136921,462,1,-1,100,8121683241
1,13.186636221272275,55.70605209589727,1242479279,-1,1547964376922,426,1,-1,100,8121683241
3,13.18658830447986,55.70600727136362,1242479279,-1,1549177576922,486,1,-1,100,8121683241
3,13.18662962559089,55.70845483975631,1242479403,-1,1545547576922,466,1,-1,100,8121683241
1,13.180285773354031,55.708632378981434,1242436995,-1,1545549616922,500,1,-1,100,8121683241
3,13.188926012577728,55.70575403275683,1242479279,-1,1549784656923,524,1,-1,100,8121683241
3,13.184335339220834,55.70863256069859,1242479403,-1,1546150096923,428,1,-1,100,8121683241
0,13.182977081777933,55.69806353011951,1242435507,-1,1549780936924,462,1,-1,100,8121683241
2,13.189199711924495,55.703861909208904,1242479279,-1,1546154056926,494,1,-1,100,8121683241
2,13.190817882459065,55.701371851668675,1242479279,-1,1549177336926,482,1,-1,100,8121683241
0,13.191704636493952,55.71063005420624,1242479403,-1,1546760536926,522,1,-1,100,8121683241
